item_id,stock_qty,cost_before,cost_after,savings,is_shrinkage_anomaly,store_id
WMT-1000,80,750,520,230,True,1
WMT-1001,73,750,520,230,True,1
WMT-1002,38,750,520,230,True,1
WMT-1003,27,750,520,230,True,1
WMT-1004,38,750,520,230,True,1
WMT-1005,87,750,520,230,False,1
WMT-1006,70,750,520,230,False,1
WMT-1007,35,750,520,230,False,1
WMT-1008,41,750,520,230,False,1
WMT-1009,68,750,520,230,False,1
WMT-1010,46,750,520,230,False,1
WMT-1011,97,750,520,230,False,1
WMT-1012,74,750,520,230,False,1
WMT-1013,46,750,520,230,False,1
WMT-1014,24,750,520,230,False,1
WMT-1015,37,750,520,230,False,1
WMT-1016,84,750,520,230,False,1
WMT-1017,33,750,520,230,False,1
WMT-1018,66,750,520,230,False,1
WMT-1019,26,750,520,230,False,1
WMT-1020,44,750,520,230,False,1
WMT-1021,93,750,520,230,False,1
WMT-1022,33,750,520,230,False,1
WMT-1023,94,750,520,230,False,1
WMT-1024,67,750,520,230,False,1
WMT-1025,88,750,520,230,False,1
WMT-1026,38,750,520,230,False,1
WMT-1027,81,750,520,230,False,1
WMT-1028,80,750,520,230,False,1
WMT-1029,68,750,520,230,False,1
WMT-1030,31,750,520,230,False,1
WMT-1031,22,750,520,230,False,1
WMT-1032,32,750,520,230,False,1
WMT-1033,32,750,520,230,False,1
WMT-1034,32,750,520,230,False,1
WMT-1035,22,750,520,230,False,1
WMT-1036,47,750,520,230,False,1
WMT-1037,66,750,520,230,False,1
WMT-1038,35,750,520,230,False,1
WMT-1039,71,750,520,230,False,1
WMT-1040,38,750,520,230,False,1
WMT-1041,14,750,520,230,False,1
WMT-1042,13,750,520,230,False,1
WMT-1043,13,750,520,230,False,1
WMT-1044,60,750,520,230,False,1
WMT-1045,65,750,520,230,False,1
WMT-1046,24,750,520,230,False,1
WMT-1047,28,750,520,230,False,1
WMT-1048,26,750,520,230,False,1
WMT-1049,35,750,520,230,False,1
WMT-1050,88,750,520,230,False,1
WMT-1051,24,750,520,230,False,1
WMT-1052,99,750,520,230,False,1
WMT-1053,92,750,520,230,False,1
WMT-1054,80,750,520,230,False,1
WMT-1055,85,750,520,230,False,1
WMT-1056,13,750,520,230,False,1
WMT-1057,75,750,520,230,False,1
WMT-1058,100,750,520,230,False,1
WMT-1059,60,750,520,230,False,1
WMT-1060,43,750,520,230,False,1
WMT-1061,52,750,520,230,False,1
WMT-1062,78,750,520,230,False,1
WMT-1063,18,750,520,230,False,1
WMT-1064,82,750,520,230,False,1
WMT-1065,21,750,520,230,False,1
WMT-1066,22,750,520,230,False,1
WMT-1067,79,750,520,230,False,1
WMT-1068,55,750,520,230,False,1
WMT-1069,41,750,520,230,False,1
WMT-1070,78,750,520,230,False,1
WMT-1071,83,750,520,230,False,1
WMT-1072,91,750,520,230,False,1
WMT-1073,37,750,520,230,False,1
WMT-1074,40,750,520,230,False,1
WMT-1075,93,750,520,230,False,1
WMT-1076,69,750,520,230,False,1
WMT-1077,52,750,520,230,False,1
WMT-1078,48,750,520,230,False,1
WMT-1079,62,750,520,230,False,1
WMT-1080,32,750,520,230,False,1
WMT-1081,18,750,520,230,False,1
WMT-1082,55,750,520,230,False,1
WMT-1083,41,750,520,230,False,1
WMT-1084,70,750,520,230,False,1
WMT-1085,100,750,520,230,False,1
WMT-1086,26,750,520,230,False,1
WMT-1087,97,750,520,230,False,1
WMT-1088,72,750,520,230,False,1
WMT-1089,20,750,520,230,False,1
WMT-1090,42,750,520,230,False,1
WMT-1091,22,750,520,230,False,1
WMT-1092,94,750,520,230,False,1
WMT-1093,90,750,520,230,False,1
WMT-1094,47,750,520,230,False,1
WMT-1095,52,750,520,230,False,1
WMT-1096,78,750,520,230,False,1
WMT-1097,29,750,520,230,False,1
WMT-1098,71,750,520,230,False,1
WMT-1099,39,750,520,230,False,1
