date,sales,store_id,is_anomaly
2024-01-01,5000,1,False
2024-01-02,5210,1,False
2024-01-03,5420,1,False
2024-01-04,5630,1,False
2024-01-05,5840,1,False
2024-01-06,6050,1,False
2024-01-07,6260,1,False
2024-01-08,5070,1,False
2024-01-09,5280,1,False
2024-01-10,5490,1,False
2024-01-11,5700,1,False
2024-01-12,5910,1,False
2024-01-13,6120,1,False
2024-01-14,6330,1,False
2024-01-15,5140,1,False
2024-01-16,5350,1,False
2024-01-17,5560,1,False
2024-01-18,5770,1,False
2024-01-19,5980,1,False
2024-01-20,6190,1,False
2024-01-21,6400,1,False
2024-01-22,5210,1,False
2024-01-23,5420,1,False
2024-01-24,5630,1,False
2024-01-25,5840,1,False
2024-01-26,6050,1,False
2024-01-27,6260,1,False
2024-01-28,6470,1,False
2024-01-29,5280,1,False
2024-01-30,5490,1,False
2024-01-31,5700,1,False
2024-02-01,5910,1,False
2024-02-02,6120,1,False
2024-02-03,6330,1,False
2024-02-04,6540,1,False
2024-02-05,5350,1,False
2024-02-06,5560,1,False
2024-02-07,5770,1,False
2024-02-08,5980,1,False
2024-02-09,6190,1,False
2024-02-10,6400,1,False
2024-02-11,6610,1,False
2024-02-12,5420,1,False
2024-02-13,5630,1,False
2024-02-14,5840,1,False
2024-02-15,6050,1,False
2024-02-16,6260,1,False
2024-02-17,6470,1,False
2024-02-18,6680,1,False
2024-02-19,5490,1,False
2024-02-20,5700,1,False
2024-02-21,5910,1,False
2024-02-22,6120,1,False
2024-02-23,6330,1,False
2024-02-24,6540,1,False
2024-02-25,6750,1,False
2024-02-26,5560,1,False
2024-02-27,5770,1,False
2024-02-28,5980,1,False
2024-02-29,6190,1,False
2024-03-01,6400,1,False
2024-03-02,6610,1,False
2024-03-03,6820,1,False
2024-03-04,5630,1,False
2024-03-05,5840,1,False
2024-03-06,6050,1,False
2024-03-07,6260,1,False
2024-03-08,6470,1,False
2024-03-09,6680,1,False
2024-03-10,6890,1,False
2024-03-11,5700,1,False
2024-03-12,5910,1,False
2024-03-13,6120,1,False
2024-03-14,6330,1,False
2024-03-15,6540,1,False
2024-03-16,6750,1,False
2024-03-17,6960,1,False
2024-03-18,5770,1,False
2024-03-19,5980,1,False
2024-03-20,6190,1,False
2024-03-21,6400,1,False
2024-03-22,6610,1,False
2024-03-23,6820,1,False
2024-03-24,7030,1,True
2024-03-25,5840,1,False
2024-03-26,6050,1,False
2024-03-27,6260,1,False
2024-03-28,6470,1,False
2024-03-29,6680,1,False
2024-03-30,6890,1,False
2024-03-31,7100,1,True
2024-04-01,5910,1,False
2024-04-02,6120,1,False
2024-04-03,6330,1,False
2024-04-04,6540,1,False
2024-04-05,6750,1,False
2024-04-06,6960,1,False
2024-04-07,7170,1,True
2024-04-08,5980,1,False
2024-04-09,6190,1,False
